<?xml version="1.0" encoding="UTF-8"?>
<!DOCTYPE struts PUBLIC
	"-//Apache Software Foundation//DTD Struts Configuration 2.5//EN"
	"http://struts.apache.org/dtds/struts-2.5.dtd">
<struts>

	<!-- 设置主题风格 -->
	<constant name="struts.ui.theme" value="simple" />
	<!-- 开启动态调用 -->
	<constant name="struts.enable.DynamicMethodInvocation" value="true" />
	<!-- 启用开发者模式 -->
	<constant name="struts.devMode" value="true"/>

	<!-- 公共通用配置 -->
	<package name="default" namespace="/" extends="json-default">
		<global-results>
			<result name="login">/login.jsp</result>
			<result name="error">/error.jsp</result>
		</global-results>
		
			<!-- 设置白名单 -->
		<global-allowed-methods>regex:.*</global-allowed-methods>
	</package>
	
	<!-- 教师模块 -->
	<package name="teacher" namespace="/teacher" extends="default">
		<action name="login" class="com.bdqn.action.TeacherAction" method="login">
			<result name="login_success" type="redirectAction">../student/stu_findStudentList.action</result>
		</action>
	</package> 
	
	<!-- 学生模块 -->
	<package name="student" namespace="/student" extends="default">
		<action name="stu_*" class="studentAction" method="{1}">
			<result name="list">/list.jsp</result>
			<!-- 返回到添加页面 -->
			<result name="add">/add.jsp</result>
			<!-- 返回学生列表页面 -->
			<result name="tolist" type="redirectAction">stu_findStudentList.action</result>
			<!-- 返回去添加页面控制器 -->
			<result name="toadd" type="redirectAction">stu_toadd.action</result>
			<!-- 去到修改页面 -->
			<result name="update">/update.jsp</result>
			<!-- 重新去到修改页面 -->
			<result name="toupdate" type="redirectAction">stu_toupdate.action?student.id=${student.id}</result>
		</action>
	</package> 
	
	<package name="grade" namespace="/grade" extends="default">
		<action name="check" class="com.bdqn.action.GradeAction" method="checkGradeName">
			<result type="stream">
				<!-- 响应类型 -->
				<param name="contentType">text/html</param>
				<!-- 指定流 -->
				<param name="inputName">inputStream</param>
			</result>
		</action>
		
		<action name="checkJson" class="com.bdqn.action.GradeAction2" method="check">
			<result type="json">
				<param name="root">jsonMap</param>
			</result>
		</action>
	</package>
</struts>