<?xml version="1.0" encoding="UTF-8"?>
<beans xmlns="http://www.springframework.org/schema/beans"
	xmlns:xsi="http://www.w3.org/2001/XMLSchema-instance"
	xmlns:mvc="http://www.springframework.org/schema/mvc"
	xmlns:context="http://www.springframework.org/schema/context"
	xsi:schemaLocation="http://www.springframework.org/schema/mvc http://www.springframework.org/schema/mvc/spring-mvc-4.2.xsd
		http://www.springframework.org/schema/beans http://www.springframework.org/schema/beans/spring-beans.xsd
		http://www.springframework.org/schema/context http://www.springframework.org/schema/context/spring-context-4.2.xsd">
	


	<!-- 扫描注解 -->
	<context:component-scan base-package="cn.smbms.controller"/>
	
	<!-- 注入注解驱动 -->
	<mvc:annotation-driven>
		<mvc:message-converters>
			<!-- json中文乱码处理 -->
    		<bean class="org.springframework.http.converter.StringHttpMessageConverter">
    			<property name="supportedMediaTypes">
    				<list>
    					<value>application/json;charset=UTF-8</value>
    				</list>
    			</property>
    		</bean>
    		<!-- json默认将日期解析成毫秒数，处理毫秒数问题 -->
    		<bean class="com.alibaba.fastjson.support.spring.FastJsonHttpMessageConverter">
    			<property name="supportedMediaTypes">
    				<list>
    					<value>text/html;charset=UTF-8</value>
    					<value>application/json</value>
    				</list>
    			</property>
    			<property name="features">
    				<list>
    				  <!--  Date的日期转换器 -->
    				  <value>WriteDateUseDateFormat</value>
    				</list>
    			</property>
    		</bean>
    	</mvc:message-converters>
		
	</mvc:annotation-driven>
	
	<!-- 扫描加载静态资源 -->
	<!-- location:填写本地资源文件的位置 -->
	<!-- mapping:填写本地资源文减映射的位置 -->
	<mvc:resources location="/statics/" mapping="/statics/**"></mvc:resources>
	
	<!-- 前缀+逻辑视图名+后缀 -->
	<!-- 配置视图解析器 -->
	<bean class="org.springframework.web.servlet.view.InternalResourceViewResolver">
		<!-- 前缀 -->
		<property name="prefix" value="/WEB-INF/jsp/"></property>
		<!-- 后缀 -->
		<property name="suffix" value=".jsp"></property>
	</bean>
	
	<!-- 文件上传 -->
	<bean id="multipartResolver"
		class="org.springframework.web.multipart.commons.CommonsMultipartResolver">
		<!-- 设置上传文件的最大尺寸为5MB -->
		<property name="maxUploadSize">
			<value>5242880</value>
		</property>
		<property name="defaultEncoding" value="UTF-8"></property>
	</bean>
	
	<mvc:interceptors>
		<mvc:interceptor>
			<!-- 拦截路径 -->
			<mvc:mapping path="/sys/**"/>
			<mvc:mapping path="/page/**"/>
			<!-- 配置拦截器 -->
			<bean class="cn.smbms.interceptor.SystemInterceptor"/>
		</mvc:interceptor>
	</mvc:interceptors>
	


</beans>
