<?xml version="1.0" encoding="UTF-8"?>
<!DOCTYPE mapper
  PUBLIC "-//mybatis.org//DTD Mapper 3.0//EN"
  "http://mybatis.org/dtd/mybatis-3-mapper.dtd">
<mapper namespace="cn.smbms.dao.UserMapper">	

	<resultMap id="userRoleResultMap" type="cn.smbms.entity.User">
		<id column="id" property="id"></id>
		<result column="userCode" property="userCode"></result>
		<result column="phone" property="phone"></result>
		<result column="userName" property="userName"></result>
		<result column="gender" property="gender"></result>
		<result column="userPassword" property="userPassword"></result>
		<result column="birthday" property="birthday"></result>
		<result column="address" property="address"></result>
		<result column="creationDate" property="creationDate"></result>
		<!-- 配置关联角色信息 -->
		<association property="role" javaType="cn.smbms.entity.Role">
			<id column="roleId" property="id"/>
			<result column="roleCode" property="roleCode"/>
			<result column="roleName" property="roleName"/>
		</association>
		
	</resultMap>
	
	<select id="findUserByUserCode" parameterType="string" resultType="user">
		select * from smbms_user where userCode = #{userCode}
	</select>
	
	<!-- 总数量 -->
	<select id="getTotalCount" parameterType="map" resultType="int">
		select count(1) from smbms_user u
		left join smbms_role r on u.userRole = r.id
		<where>
			<if test="userCode !=null and userCode !=''">
				and u.userCode like concat('%',#{userCode},'%')
			</if>
			<if test="userRole !=null and userRole !=''">
				and u.userRole like concat('%',#{userRole},'%')
			</if>
			<if test="userName !=null and userName !=''">
				and u.userName like concat('%',#{userName},'%')
			</if>
			<if test="gender !=null">
				and u.gender =#{gender}
			</if>
		</where>
	</select>
	
	<select id="findUserList" parameterType="map" resultMap="userRoleResultMap">
		select u.*,r.id roleId,r.roleName from smbms_user u
		left join smbms_role r on u.userRole = r.id
		<where>
			<if test="userCode !=null and userCode !=''">
				and u.userCode like concat('%',#{userCode},'%')
			</if>
			<if test="userRole !=null and userRole !=''">
				and u.userRole like concat('%',#{userRole},'%')
			</if>
			<if test="userName !=null and userName !=''">
				and u.userName like concat('%',#{userName},'%')
			</if>
			<if test="gender !=null">
				and u.gender =#{gender}
			</if>
		</where>
		order by u.id  limit #{start},#{size}
	</select>
	
	<insert id="addUser">
		INSERT INTO smbms_user (userCode,userName,userPassword,gender,birthday,phone,address,
		userRole,createdBy,creationDate)
		values (#{userCode},#{userName},#{userPassword},#{gender},#{birthday},
		#{phone},#{address},#{userRole},#{createdBy},now())
	</insert>
	
	<select id="findUserById" parameterType="int" resultMap="userRoleResultMap">
		select u.*,r.id roleId,r.roleName from smbms_user u 
		inner join smbms_role r on u.userRole = r.id
		where u.id = #{id}
	</select>
	
	
	<update id="updateUser">
		update smbms_user 
		<set>
			<if test="userName!=null and userName!=''">
				userName = #{userName},
			</if>
			<if test="gender!=null ">
				gender = #{gender},
			</if>
			<if test="birthday!=null and birthday!=''">
				birthday = #{birthday},
			</if>
			<if test="phone!=null and phone!=''">
				phone = #{phone},
			</if>
			<if test="address!=null and address!=''">
				address = #{address},
			</if>
			<if test="userRole!=null">
				userRole = #{userRole},
			</if>
			<if test="modifyBy!=null">
				modifyBy = #{modifyBy},
			</if>
			<if test="modifyDate!=null and modifyDate!=''">
				modifyDate = #{modifyDate},
			</if>
		</set>
		where id = #{id}
	</update>
	
	<delete id="deleteUser">
		delete from smbms_user where id in
		<foreach collection="array" item="userIds" open="(" separator="," close=")">
			#{userIds}
		</foreach>
	</delete>
	
</mapper>