<?xml version="1.0" encoding="UTF-8"?>
<beans xmlns="http://www.springframework.org/schema/beans"
	xmlns:xsi="http://www.w3.org/2001/XMLSchema-instance"
	xmlns:context="http://www.springframework.org/schema/context"
	xsi:schemaLocation="http://www.springframework.org/schema/beans http://www.springframework.org/schema/beans/spring-beans-4.2.xsd
		http://www.springframework.org/schema/context http://www.springframework.org/schema/context/spring-context-4.2.xsd">

	<!-- 扫描注解 -->
	<context:component-scan base-package="cn.smbms.service"/>

	<!-- 配置数据源DataSource -->
	<bean id="dataSource" class="org.apache.commons.dbcp.BasicDataSource">
		<!-- 驱动 -->
		<property name="driverClassName" value="com.mysql.jdbc.Driver"/>
		<!-- 连接url -->
		<property name="url" value="jdbc:mysql://localhost:3306/smbms?useUnicode=true&amp;characterEncoding=utf-8&amp;serverTimezone=UTC"/>
		<!-- 数据库用户名 -->
		<property name="username" value="root"/>
		<!-- 数据库密码 -->
		<property name="password" value="root"/>
	</bean>
	
	<!-- 配置SQLSessionFactory -->
	<bean id="sqlSessionFactory" class="org.mybatis.spring.SqlSessionFactoryBean">
		<!-- 引用数据源 -->
		<property name="dataSource" ref="dataSource"></property>
		<!-- 加载mybatis-config配置文件 -->
		<property name="configLocation" value="classpath:mybatis-config.xml"></property>
	</bean>
	
	
	<!-- 配置dao -->
	<bean  class="org.mybatis.spring.mapper.MapperScannerConfigurer">
		<!-- 扫描mapper接口所在的包 -->
		<property name="basePackage" value="cn.smbms.dao"></property>
	</bean>
	
	<!-- 引入其他spring配置文件 -->
	<import resource="applicationContext-tx.xml"/>
	

</beans>
