<?xml version="1.0" encoding="UTF-8"?>
<beans xmlns="http://www.springframework.org/schema/beans"
	xmlns:xsi="http://www.w3.org/2001/XMLSchema-instance"
	xmlns:aop="http://www.springframework.org/schema/aop"
	xmlns:context="http://www.springframework.org/schema/context"
	xmlns:tx="http://www.springframework.org/schema/tx"
	xsi:schemaLocation="http://www.springframework.org/schema/beans http://www.springframework.org/schema/beans/spring-beans.xsd
		http://www.springframework.org/schema/aop http://www.springframework.org/schema/aop/spring-aop-4.1.xsd
		http://www.springframework.org/schema/context http://www.springframework.org/schema/context/spring-context-4.1.xsd
		http://www.springframework.org/schema/tx http://www.springframework.org/schema/tx/spring-tx-4.1.xsd">

	<!-- 扫描注解 -->
	<context:component-scan
		base-package="com.shiro.service" />

	<!-- 配置数据源 -->
	<bean id="dataSource"
		class="org.springframework.jdbc.datasource.DriverManagerDataSource">
		<property name="driverClassName"
			value="com.mysql.cj.jdbc.Driver" />
		<property name="url"
			value="jdbc:mysql://localhost:3306/db_shiro?useUnicode=true&amp;characterEncoding=utf-8&amp;serverTimezone=UTC" />
		<property name="username" value="root" />
		<property name="password" value="root" />
	</bean>

	<!-- 配置mybatis的sqlSessionFactory -->
	<bean id="sqlSessionFactory"
		class="org.mybatis.spring.SqlSessionFactoryBean">
		<property name="dataSource" ref="dataSource" />
		<!-- mybatis配置文件 -->
		<property name="configLocation"
			value="classpath:mybatis-config.xml"></property>
	</bean>

	<!-- DAO接口所在包名，Spring会自动查找其下的类 -->
	<bean class="org.mybatis.spring.mapper.MapperScannerConfigurer">
		<property name="basePackage" value="com.shiro.dao" />
		<property name="sqlSessionFactoryBeanName"
			value="sqlSessionFactory"></property>
	</bean>

	<!-- (事务管理)transaction manager, use JtaTransactionManager for global tx -->
	<bean id="transactionManager"
		class="org.springframework.jdbc.datasource.DataSourceTransactionManager">
		<property name="dataSource" ref="dataSource" />
	</bean>

	<!-- 配置事务通知属性 -->
	<tx:advice id="txAdvice"
		transaction-manager="transactionManager">
		<!-- 定义事务传播属性 -->
		<tx:attributes>
			<tx:method name="insert*" propagation="REQUIRED" />
			<tx:method name="update*" propagation="REQUIRED" />
			<tx:method name="edit*" propagation="REQUIRED" />
			<tx:method name="save*" propagation="REQUIRED" />
			<tx:method name="add*" propagation="REQUIRED" />
			<tx:method name="new*" propagation="REQUIRED" />
			<tx:method name="set*" propagation="REQUIRED" />
			<tx:method name="remove*" propagation="REQUIRED" />
			<tx:method name="delete*" propagation="REQUIRED" />
			<tx:method name="change*" propagation="REQUIRED" />
			<tx:method name="check*" propagation="REQUIRED" />
			<tx:method name="get*" propagation="REQUIRED"
				read-only="true" />
			<tx:method name="find*" propagation="REQUIRED"
				read-only="true" />
			<tx:method name="load*" propagation="REQUIRED"
				read-only="true" />
			<tx:method name="*" propagation="REQUIRED" read-only="true" />
		</tx:attributes>
	</tx:advice>

	<!-- 配置事务切面 -->
	<aop:config>
		<aop:pointcut id="serviceOperation"
			expression="execution(* com.shiro.service.*.*(..))" />
		<aop:advisor advice-ref="txAdvice"
			pointcut-ref="serviceOperation" />
	</aop:config>

	<!-- 以下是shiro配置 -->
	<!-- 1.注入自定义realm -->
	<bean id="myRealm" class="com.shiro.realm.UserRealm" />

	<!-- 2.将realm注入到securityManager安全管理器 -->
	<bean id="securityManager"
		class="org.apache.shiro.web.mgt.DefaultWebSecurityManager">
		<property name="realm" ref="myRealm" />
	</bean>

	<!-- 3.Shiro过滤器 -->
	<bean id="shiroFilter"
		class="org.apache.shiro.spring.web.ShiroFilterFactoryBean">
		<!-- Shiro的核心安全接口,这个属性是必须的 -->
		<property name="securityManager" ref="securityManager" />
		<!-- 身份认证失败，则跳转到登录页面的配置 -->
		<property name="loginUrl" value="/login.jsp" />
		<!-- 权限认证失败，则跳转到指定页面 -->
		<property name="unauthorizedUrl" value="/unauthorized.jsp" />
		<!-- Shiro连接约束配置,即过滤链的定义 -->
		<property name="filterChainDefinitions">
			<value>
				<!-- 登录请求可匿名访问  -->
				/user/login.action = anon
				<!-- admin下所有请求必须进行身份验证且用户必须拥有admin角色 -->
				/admin/** = authc,roles[admin]
				<!-- student请求必须拥有teacher角色 -->
				/student = roles[teacher]
				<!-- teacher请求必须拥有创建用户的权限 -->
				/teacher = perms["user:create"]
				<!-- 以下所有请求必须经过身份验证才可访问 -->
				/** = authc
			</value>
		</property>
	</bean>

	<!-- 4.保证实现了Shiro内部lifecycle函数的bean执行 -->
	<bean id="lifecycleBeanPostProcessor"
		class="org.apache.shiro.spring.LifecycleBeanPostProcessor" />

	<!-- 5.开启Shiro注解 -->
	<bean
		class="org.springframework.aop.framework.autoproxy.DefaultAdvisorAutoProxyCreator"
		depends-on="lifecycleBeanPostProcessor" />
	<bean
		class="org.apache.shiro.spring.security.interceptor.AuthorizationAttributeSourceAdvisor">
		<property name="securityManager" ref="securityManager" />
	</bean>

</beans>
