<?xml version="1.0" encoding="UTF-8"?>
<beans xmlns="http://www.springframework.org/schema/beans"
	xmlns:xsi="http://www.w3.org/2001/XMLSchema-instance"
	xmlns:aop="http://www.springframework.org/schema/aop"
	xmlns:tx="http://www.springframework.org/schema/tx"
	xsi:schemaLocation="http://www.springframework.org/schema/beans http://www.springframework.org/schema/beans/spring-beans.xsd
		http://www.springframework.org/schema/aop http://www.springframework.org/schema/aop/spring-aop-4.1.xsd
		http://www.springframework.org/schema/tx http://www.springframework.org/schema/tx/spring-tx-4.1.xsd">

	<!-- 配置Hibernate事务管理器 -->
    <bean id="transactionManager" class="org.springframework.orm.hibernate5.HibernateTransactionManager">
		<property name="sessionFactory" ref="sessionFactory"/>
    </bean>
    
	<!-- 使用声明式配置事务(事务通知) -->
	<tx:advice id="txAdvice" transaction-manager="transactionManager">
      <tx:attributes>
        <tx:method name="add*" propagation="REQUIRED"/>
        <tx:method name="save*" propagation="REQUIRED"/>
        <tx:method name="insert*" propagation="REQUIRED"/>
        <tx:method name="modify*" propagation="REQUIRED"/>
        <tx:method name="update*" propagation="REQUIRED"/>
        <tx:method name="delete*" propagation="REQUIRED"/>
        <tx:method name="del*" propagation="REQUIRED"/>
        <tx:method name="*" propagation="SUPPORTS" read-only="true"/>
      </tx:attributes>
    </tx:advice>
	
	<!-- 将通知应用到指定的切入点 -->
    <aop:config>
      <aop:pointcut id="txPointCut" expression="execution(* com.bdqn.service..*.*(..))"/>
      <aop:advisor advice-ref="txAdvice" pointcut-ref="txPointCut"/>
    </aop:config>

</beans>
