<?xml version="1.0" encoding="UTF-8"?>
<!DOCTYPE mapper
PUBLIC "-//mybatis.org//DTD Mapper 3.0//EN"
"http://mybatis.org/dtd/mybatis-3-mapper.dtd">
<mapper namespace="com.bdqn.dao.UserMapper">
	<insert id="addUser">
		insert into users (name,age) values(#{name},#{age})
	</insert>
	
	<select id="findUserList" resultType="User">
		select * from users
	</select>
	<select id="findUserById" resultType="User" parameterType="int">
		select * from users where id =#{id}
	</select>
	
	
	<update id="updateUser">
		update users 
		<set>
			<if test="name!=null and name!=''">
				name = #{name},
			</if>
			<if test="age!=null">
				age = #{age},
			</if>
		</set>
		where id = #{id}
	</update>
	
</mapper>