<?xml version="1.0" encoding="UTF-8"?>
<beans xmlns="http://www.springframework.org/schema/beans"
	xmlns:xsi="http://www.w3.org/2001/XMLSchema-instance"
	xmlns:mvc="http://www.springframework.org/schema/mvc"
	xmlns:context="http://www.springframework.org/schema/context"
	xsi:schemaLocation="http://www.springframework.org/schema/mvc http://www.springframework.org/schema/mvc/spring-mvc-4.2.xsd
		http://www.springframework.org/schema/beans http://www.springframework.org/schema/beans/spring-beans.xsd
		http://www.springframework.org/schema/context http://www.springframework.org/schema/context/spring-context-4.2.xsd">
	
	<!-- 加载静态资源 -->
	<mvc:resources location="/statics/" mapping="/statics/**"></mvc:resources>



	<!-- 扫描注解 -->
	<context:component-scan base-package="cn.smbms.controller"/>
	
	<!-- 注入注解驱动 -->
	<mvc:annotation-driven/>
	
	<!-- 前缀+逻辑视图名+后缀 -->
	<!-- 配置视图解析器 -->
	<bean class="org.springframework.web.servlet.view.InternalResourceViewResolver">
		<!-- 前缀 -->
		<property name="prefix" value="/WEB-INF/jsp/"></property>
		<!-- 后缀 -->
		<property name="suffix" value=".jsp"></property>
	</bean>

</beans>
