<?xml version="1.0" encoding="UTF-8"?>
<!DOCTYPE struts PUBLIC
	"-//Apache Software Foundation//DTD Struts Configuration 2.5//EN"
	"http://struts.apache.org/dtds/struts-2.5.dtd">
<struts>

	<!-- 设置主题风格 -->
	<constant name="struts.ui.theme" value="simple"/>
	<!-- 设置编码格式为UTF-8 -->
	<constant name="struts.i18n.encoding" value="utf-8"/>
	<!-- 启用动态方法调用 -->
	<constant name="struts.enable.DynamicMethodInvocation" value="true"/>
	
	<!-- 修改文件上传的限制大小 -->
	<constant name="struts.multipart.maxSize" value="52428800" /> <!-- 50M -->

	<!-- 公共的配置信息 -->
	<package name="default" namespace="/" extends="struts-default">
		<!-- 定义拦截器 -->
		<interceptors>
			<!-- 定义单个拦截器 -->
			<interceptor name="test1" class="com.bdqn.interceptor.TestInterceptor1"/>
			<interceptor name="test2" class="com.bdqn.interceptor.TestInterceptor2"/>
			<!-- 定义登录验证的拦截器 -->
			<interceptor name="loginInterceptor" class="com.bdqn.interceptor.SystemInterceptor"/>
			<!-- 定义拦截器栈 -->
			<interceptor-stack name="myStack">
				<!-- 引用定义好的拦截器 -->
				<interceptor-ref name="test1"/>
				<interceptor-ref name="test2"/>
				<!-- 引用默认的拦截器 -->
				<interceptor-ref name="defaultStack"/>
			</interceptor-stack>
			
			<!-- 权限验证的拦截器栈 -->
			<interceptor-stack name="myLoginStatck">
				<!-- 默认的拦截器 -->
				<interceptor-ref name="defaultStack"/>
				<!-- 登录权限验证的拦截器 -->
				<interceptor-ref name="loginInterceptor">
					<!-- 设置排除拦截的方法 -->
					<param name="excludeMethods">login</param>
					<!-- 设置要拦截的方法，优先级高与excludeMethods -->
					<!-- param name="includeMethods">add*,update*</param> -->
				</interceptor-ref>
			</interceptor-stack>
			
		</interceptors>
		
		<!-- 配置默认的拦截器 -->
		<default-interceptor-ref name="myStack"/>
		
		<!-- 配置全局结果 -->
		<global-results>
			<result name="login">/login.jsp</result>
		</global-results>
	
		<!-- 设置白名单 -->
		<global-allowed-methods>regex:.*</global-allowed-methods>
		


	</package>
	
	<package name="test" namespace="/test" extends="default">
		
		<action name="test" class="com.bdqn.action.TestAction" method="test">
			<!-- 引用test1拦截器 -->
			<!-- <interceptor-ref name="test1"/>
			<interceptor-ref name="test2"/> -->
			<!-- 引用拦截器栈 -->
			<interceptor-ref name="myStack"/>
			<result>/show.jsp</result>
		</action>
		
		<action name="login" class="com.bdqn.action.TestAction" method="login">
			<!-- 引用拦截器栈 -->
			<interceptor-ref name="myStack"/>
			<result>/show.jsp</result>
		</action>
		
		<action name="user_*" class="com.bdqn.action.UserAction" method="{1}">
			<result name="login_success">/show.jsp</result>
			<result name="add">/add.jsp</result>
			<result name="update">/update.jsp</result>
			<!-- 引用登录权限验证的拦截器栈 -->
			<interceptor-ref name="myLoginStatck"></interceptor-ref>
		</action>
		
		
		<!-- 单文件上传 -->
		<action name="upload" class="com.bdqn.action.UploadAction" method="uploadBySimple">
			<result>/show.jsp</result>
		</action>
		<!-- 多文件上传 -->
		<action name="mupload" class="com.bdqn.action.MoreUploadAction" method="uploadBySimple">
			<result>/show.jsp</result>
		</action>
		
	</package>
</struts>